Website,Webpage URL,Total Size (KB),CO2e (grams),Rating,HTML (KB),HTML (%),Stylesheets (KB),Stylesheets (%),Scripts (KB),Scripts (%),Images (KB),Images (%),Other (KB),Other (%)
COP3,https://web.archive.org/web/20030604214733if_/unfccc.int/cop3/,138.15,0.036,A+,20.63,14.9,0,0,0,0,129.57,93.8,0,0
COP3,https://web.archive.org/web/20030604214733if_/unfccc.int/cop3/fccc/climate/climate.html,11.51,0.003,A+,3.75,32.6,0,0,0,0,8.04,69.9,0,0
COP3,https://web.archive.org/web/20030604214733if_/unfccc.int/cop3/fccc/part/infopart.html,12.76,0.003,A+,4.86,38.1,0,0,0,0,8.3,65,0,0
COP3,https://web.archive.org/web/20030604214733if_/unfccc.int/cop3/fccc/info/info.html,11.72,0.003,A+,4,34.1,0,0,0,0,8.03,68.5,0,0
COP3,https://web.archive.org/web/20030604214733if_/unfccc.int/cop3/fccc/natcom/natcom.htm,11.76,0.003,A+,3.49,29.7,0,0,0,0,8.59,73,0,0
COP3,https://web.archive.org/web/20030604214733if_/unfccc.int/cop3/fccc/daily/dailypr.html,13.18,0.003,A+,5.41,41.1,0,0,0,0,8.21,62.3,0,0
COP3,https://web.archive.org/web/20030604214733if_/unfccc.int/cop3/fccc/special/specialev.html,64.23,0.017,A+,61.33,95.5,0,0,0,0,8.09,12.6,0,0
COP3,https://web.archive.org/web/20030604214733if_/unfccc.int/cop3/fccc/exhibits/exhibits.html,32.83,0.008,A+,27.35,83.3,0,0,0,0,7.75,23.6,0,0
COP3,https://web.archive.org/web/20030604214733if_/unfccc.int/cop3/fccc/listpart/particip.html,11.79,0.003,A+,3.83,32.5,0,0,0,0,8.28,70.2,0,0
COP3,https://web.archive.org/web/20030604214733if_/unfccc.int/cop3/fccc/live/live.html,23.13,0.006,A+,5.6,24.2,0,0,0,0,18.89,81.7,0,0
COP3 Averages,,33.11,0.009,A+,14.03,39.6,0,0,0,0,21.38,60.4,0,0
,,,,,,,,,,,,,,
COP4,https://web.archive.org/web/20031001073646if_/unfccc.int/cop4/,54.07,0.014,A+,21.9,40.5,0.11,0.2,0,0,35.53,65.7,0,0
COP4,https://web.archive.org/web/20031001073646if_/unfccc.int/cop4/conv/conv.html,14,0.004,A+,9.84,70.3,0.11,0.8,0,0,3.79,27.1,0,0
COP4,https://web.archive.org/web/20031001073646if_/unfccc.int/cop4/kp/kp.html,15.5,0.004,A+,11.28,72.8,0.11,0.7,0,0,3.99,25.7,0,0
COP4,https://web.archive.org/web/20031001073646if_/unfccc.int/cop4/infopart/infopart.html,14.33,0.004,A+,9.87,68.9,0.11,0.8,0,0,4.12,28.7,0,0
COP4,https://web.archive.org/web/20031001073646if_/unfccc.int/cop4/infomed/infomed.html,20.52,0.005,A+,16.94,82.6,0.11,0.5,0,0,3.82,18.6,0,0
COP4,https://web.archive.org/web/20031001073646if_/unfccc.int/cop4/daily/daily.html,17.98,0.005,A+,14.03,78,0.11,0.6,0,0,3.95,22,0,0
COP4,https://web.archive.org/web/20031001073646if_/unfccc.int/cop4/special/special.html,13.9,0.004,A+,9.74,70.1,0.11,0.8,0,0,3.78,27.2,0,0
COP4,https://web.archive.org/web/20031001073646if_/unfccc.int/cop4/exhibits/exhibits.html,48.44,0.012,A+,47.84,98.8,0.11,0.2,0,0,3.43,7.1,0,0
COP4,https://web.archive.org/web/20031001073646if_/unfccc.int/cop4/resource/docs.html,21.2,0.005,A+,17.39,82,0.11,0.5,0,0,4.11,19.4,0,0
COP4,https://web.archive.org/web/20031001073646if_/unfccc.int/cop4/particip/particip.html,13.3,0.003,A+,9.17,69,0.11,0.8,0,0,3.69,27.8,0,0
COP4 Averages,,23.33,0.006,A+,16.8,70.2,0.11,0.5,0,0,7.02,29.3,0,0
,,,,,,,,,,,,,,
COP5,https://web.archive.org/web/20030618164207if_/unfccc.int/cop5/,37.3,0.01,A+,6.96,18.7,0.62,1.7,0,0,31.62,84.8,0,0
COP5,https://web.archive.org/web/20030618164207if_/unfccc.int/cop5/convkp/index.html,24.52,0.006,A+,15.45,63,0.62,2.5,0,0,9.17,37.4,0,0
COP5,https://web.archive.org/web/20030618164207if_/unfccc.int/cop5/particip/index.html,18.99,0.005,A+,10.26,54,0.62,3.3,0,0,8.32,43.8,0,0
COP5,https://web.archive.org/web/20030618164207if_/unfccc.int/cop5/media/index.html,23.96,0.006,A+,16.78,70,0.62,2.6,0,0,7.23,30.2,0,0
COP5,https://web.archive.org/web/20030618164207if_/unfccc.int/cop5/se/index.html,17.74,0.005,A+,9.09,51.2,0.62,3.5,0,0,8.12,45.8,0,0
COP5,https://web.archive.org/web/20030618164207if_/unfccc.int/cop5/resource/docs.html,26.21,0.007,A+,20.42,77.9,0.62,2.4,0,0,6.04,23,0,0
COP5,https://web.archive.org/web/20030618164207if_/unfccc.int/cop5/listpart/index.html,15.3,0.004,A+,7.18,46.9,0.62,4.1,0,0,7.35,48,0,0
COP5,https://web.archive.org/web/20030618164207if_/unfccc.int/cop5/klima/index.html,19.26,0.005,A+,10.38,53.9,0.73,3.8,0,0,8.38,43.5,0,0
COP5,https://web.archive.org/web/20030618164207if_/unfccc.int/cop5/acknow/index.html,29.34,0.008,A+,10.69,36.4,0.62,2.1,0,0,19.19,65.4,0,0
COP5,https://web.archive.org/web/20030618164207if_/unfccc.int/cop5/siteinfo/index.html,14.52,0.004,A+,7.25,49.9,0.62,4.3,0,0,6.44,44.3,0,0
COP5 Averages,,22.71,0.006,A+,11.45,49.2,0.63,2.7,0,0,11.19,48.1,0,0
,,,,,,,,,,,,,,
COP6,https://web.archive.org/web/20030605042026if_/unfccc.int/cop6/,91.72,0.024,A+,18.71,20.4,0,0,0,0,80.75,88,0,0
COP6,https://web.archive.org/web/20030605042026if_/unfccc.int/cop6/programme/index.html,46.76,0.012,A+,20.3,43.4,0,0,0,0,30.02,64.2,0,0
COP6,https://web.archive.org/web/20030605042026if_/unfccc.int/cop6/documents/index.html,50.37,0.013,A+,22.08,43.8,0,0,0,0,32.19,63.9,0,0
COP6,https://web.archive.org/web/20030605042026if_/unfccc.int/cop6/issues/index.html,45.1,0.012,A+,19.42,43.1,0,0,0,0,29.09,64.5,0,0
COP6,https://web.archive.org/web/20030605042026if_/unfccc.int/cop6/infopart/index.html,59.6,0.015,A+,34.42,57.8,0,0,0,0,29.94,50.2,0,0
COP6,https://web.archive.org/web/20030605042026if_/unfccc.int/cop6/parties/index.html,58.22,0.015,A+,29.35,50.4,0,0,0,0,33.5,57.5,0,0
COP6,https://web.archive.org/web/20030605042026if_/unfccc.int/cop6/observers/index.html,54.99,0.014,A+,27.02,49.1,0,0,0,0,32.3,58.7,0,0
COP6,https://web.archive.org/web/20030605042026if_/unfccc.int/cop6/press/index.html,41.21,0.011,A+,14.97,36.3,0,0,0,0,29.29,71.1,0,0
COP6,https://web.archive.org/web/20030605042026if_/unfccc.int/cop6/enb/index.html,43.54,0.011,A+,14.58,33.5,0,0,0,0,32.23,74,0,0
COP6,https://web.archive.org/web/20030605042026if_/unfccc.int/cop6/webcast/index.html,75.27,0.019,A+,47.27,62.8,0,0,0,0,34.22,45.5,0,0
COP6 Averages,,56.68,0.015,A+,24.81,40.6,0,0,0,0,36.35,59.4,0,0
,,,,,,,,,,,,,,
COP7,https://web.archive.org/web/20011205115501if_/unfccc.int/cop7/,199.6,0.051,A+,16.98,8.5,1.76,0.9,0.95,0.5,195.44,97.9,0,0
COP7,https://web.archive.org/web/20011205115501if_/unfccc.int/cop7/latest/index.html,68.49,0.018,A+,19.9,29.1,1.76,2.6,0.95,1.4,49.22,71.9,0,0
COP7,https://web.archive.org/web/20011205115501if_/unfccc.int/cop7/infopart/index.html,95.46,0.025,A+,49.71,52.1,1.75,1.8,0.95,1,48.89,51.2,0,0
COP7,https://web.archive.org/web/20011205115501if_/unfccc.int/cop7/documents/index.html,80.21,0.021,A+,32.95,41.1,1.76,2.2,0.95,1.2,48.99,61.1,0,0
COP7,https://web.archive.org/web/20011205115501if_/unfccc.int/cop7/programme/index.shtml,67.9,0.018,A+,18.25,26.9,1.76,2.6,0.95,1.4,50.23,74,0,0
COP7,https://web.archive.org/web/20011205115501if_/unfccc.int/cop7/se/index.html,64.04,0.017,A+,14.57,22.8,1.76,2.7,0.95,1.5,49.69,77.6,0,0
COP7,https://web.archive.org/web/20011205115501if_/unfccc.int/cop7/se/index.html,64.04,0.017,A+,14.57,22.8,1.76,2.7,0.95,1.5,49.69,77.6,0,0
COP7,https://web.archive.org/web/20011205115501if_/unfccc.int/cop7/issues/index.html,66.42,0.017,A+,17.29,26,1.76,2.6,0.95,1.4,49.57,74.6,0,0
COP7,https://web.archive.org/web/20011205115501if_/unfccc.int/cop7/convkp/index.html,70.85,0.018,A+,20.05,28.3,1.76,2.5,0.95,1.3,51.66,72.9,0,0
COP7,https://web.archive.org/web/20011205115501if_/unfccc.int/cop7/parties/index.html,97.95,0.025,A+,32.63,33.3,1.75,1.8,2.47,2.5,67.18,68.6,0,0
COP7 Averages,,87.5,0.023,A+,23.69,25.6,1.76,1.9,1.1,1.2,66.06,71.3,0,0
,,,,,,,,,,,,,,
COP8,https://web.archive.org/web/20030410192139if_/unfccc.int/cop8/,104.39,0.027,A+,14.98,14.4,2.47,2.4,0,0,75.14,72,19.93,19.1
COP8,https://web.archive.org/web/20030410192139if_/unfccc.int/cop8/location.html,42.28,0.011,A+,8.85,20.9,2.44,5.8,0.89,2.1,31,73.3,0,0
COP8,https://web.archive.org/web/20030410192139if_/unfccc.int/cop8/latest/index.html,42.88,0.011,A+,14.1,32.9,2.44,5.7,0,0,28.76,67.1,0,0
COP8,https://web.archive.org/web/20030410192139if_/unfccc.int/cop8/programme/index.html,34.82,0.009,A+,10.53,30.2,2.44,7,0,0,23.52,67.6,0,0
COP8,https://web.archive.org/web/20030410192139if_/unfccc.int/cop8/webcast/index.html,1.93,0,A+,1.32,68.5,0,0,0,0,0,0,0,0
COP8,https://web.archive.org/web/20030410192139if_/unfccc.int/cop8/summary.html,34.43,0.009,A+,13.98,40.6,2.44,7.1,0,0,19.64,57,0,0
COP8,https://web.archive.org/web/20030410192139if_/http://unfccc.int/cop8/infopart/index.html,49.82,0.013,A+,27.85,55.9,2.44,4.9,0,0,22.59,45.3,0,0
COP8,https://web.archive.org/web/20030410192139if_/unfccc.int/cop8/se/se_pres/index.html,51.37,0.013,A+,29.79,58,2.44,4.8,0,0,22.35,43.5,0,0
COP8,https://web.archive.org/web/20030410192139if_/unfccc.int/cop8/se/cckiosk3110.html,208.52,0.054,A+,14.48,6.9,2.44,1.2,0,0,189.48,90.9,19.93,9.6
COP8,https://web.archive.org/web/20030410192139if_/unfccc.int/cop8/se/cckiosk2610.html,160.52,0.041,A+,11.95,7.4,2.44,1.5,0,0,159.47,99.3,0,0
COP8 Averages,,73.09,0.019,A+,14.78,18.9,2.2,2.8,0.09,0.1,57.2,73.1,3.99,5.1
,,,,,,,,,,,,,,
COP9,https://web.archive.org/web/20031127040856if_/unfccc.int/cop9/,47.27,0.012,A+,18.36,38.8,1.31,2.8,0,0,30.43,64.4,0,0
COP9,https://web.archive.org/web/20031127040856if_/unfccc.int/cop9/programme/index.html,28.15,0.007,A+,8.97,31.9,1.31,4.7,0,0,18.92,67.2,0,0
COP9,https://web.archive.org/web/20031127040856if_/unfccc.int/cop9/infopart,68.18,0.018,A+,26.75,39.2,0,0,0,0,18.9,27.7,28.09,41.2
COP9,https://web.archive.org/web/20031127040856if_/unfccc.int/cop9/latest/,172.36,0.044,A+,15.71,9.1,0,0,131.77,76.5,38.64,22.4,0,0
COP9,https://web.archive.org/web/20031127040856if_/unfccc.int/cop9/se/se_schedule.html,177.66,0.046,A+,172.02,96.8,1.31,0.7,0,0,19.28,10.9,0,0
COP9,https://web.archive.org/web/20031127040856if_/unfccc.int/cop9/se/cckiosk0612.html,226.67,0.058,A+,19.58,8.6,1.31,0.6,0,0,225.28,99.4,0,0
COP9,https://web.archive.org/web/20031127040856if_/unfccc.int/cop9/latest/doc_expl.html,27.83,0.007,A+,8.88,31.9,1.31,4.7,0,0,18.66,67,0,0
COP9,https://web.archive.org/web/20031127040856if_/unfccc.int/cop9/se/cckiosk0912.html,210.23,0.054,A+,19.73,9.4,1.31,0.6,0,0,207.16,98.5,0,0
COP9 Averages,,119.8,0.031,A+,36.25,28,0.98,0.8,16.47,12.7,72.16,55.8,3.51,2.7
,,,,,,,,,,,,,,
COP10,https://web.archive.org/web/20041204134444if_/cop10.medioambiente.gov.ar/en/default.asp,35.71,0.009,A+,17.37,48.6,0.86,2.4,0,0,19.24,53.9,0,0
COP10,https://web.archive.org/web/20041204134444if_/cop10.medioambiente.gov.ar/en/back_ground/default.asp,40.64,0.01,A+,23.3,57.3,0.86,2.1,0,0,18.69,46,0,0
COP10,https://web.archive.org/web/20041204134444if_/cop10.medioambiente.gov.ar/en/documents/default.asp,37.41,0.01,A+,17.37,46.4,0.86,2.3,0,0,21.1,56.4,0,0
COP10,https://web.archive.org/web/20041204134444if_/cop10.medioambiente.gov.ar/en/questions.asp,36,0.009,A+,16.06,44.6,0.86,2.4,0,0,20.87,58,0,0
COP10,https://web.archive.org/web/20041204134444if_/cop10.medioambiente.gov.ar/en/information/hotels.asp,38.45,0.01,A+,19.43,50.5,0.86,2.2,0,0,20.17,52.5,0,0
COP10,https://web.archive.org/web/20041204134444if_/cop10.medioambiente.gov.ar/en/links.asp,41.22,0.011,A+,17.72,43,0.86,2.1,0,0,24.91,60.4,0,0
COP10,https://web.archive.org/web/20041204134444if_/cop10.medioambiente.gov.ar/en/questions.asp,36,0.009,A+,16.06,44.6,0.86,2.4,0,0,20.87,58,0,0
COP10 Averages,,37.92,0.01,A+,18.19,45.6,0.86,2.2,0,0,20.84,52.2,0,0
,,,,,,,,,,,,,,
COP11,https://web.archive.org/web/20060212181228if_/montreal2005.gc.ca/default.asp?lang=En,225.71,0.058,A+,20.82,9.2,172.34,76.4,0,0,51.95,23,0,0
COP11,https://web.archive.org/web/20060212181228if_/montreal2005.gc.ca/default.asp?lang=En&n=CE03BAA2-1,13.55,0.003,A+,0,0,0,0,13.31,98.2,0.03,0.2,0,0
COP11,https://web.archive.org/web/20060212181228if_/montreal2005.gc.ca/default.asp?lang=En&n=6CA38930-1,13.55,0.003,A+,0,0,0,0,13.31,98.2,0.03,0.2,0,0
COP11,https://web.archive.org/web/20060212181228if_/montreal2005.gc.ca/default.asp?lang=En&n=96A244AE-1,222.86,0.057,A+,17.71,7.9,172.34,77.3,0,0,51.95,23.3,0,0
COP11,https://web.archive.org/web/20060212181228if_/montreal2005.gc.ca/default.asp?lang=En&n=FB2D5778-1,242.13,0.062,A+,19.99,8.3,174.4,72,15.26,6.3,51.95,21.5,0,0
COP11,https://web.archive.org/web/20060212181228if_/montreal2005.gc.ca/default.asp?lang=En&n=2CF531B4-1,13.55,0.003,A+,0,0,0,0,13.31,98.2,0.03,0.2,0,0
COP11,https://web.archive.org/web/20060212181228if_/montreal2005.gc.ca/default.asp?lang=En&n=20BAB6B7-1,13.55,0.003,A+,0,0,0,0,13.31,98.2,0.03,0.2,0,0
COP11,https://web.archive.org/web/20060212181228if_/montreal2005.gc.ca/default.asp?lang=En&n=A074A9A6-1,255.71,0.066,A+,18.61,7.3,174.4,68.2,15.26,6,68.17,26.7,0,0
COP11,https://web.archive.org/web/20060212181228if_/montreal2005.gc.ca/default.asp?lang=En&n=BB15E5E8-1,13.55,0.003,A+,0,0,0,0,13.31,98.2,0.03,0.2,0,0
COP11,https://web.archive.org/web/20060212181228if_/montreal2005.gc.ca/Cop11Secure/,2.18,0.001,A+,0,0,0,0,0,0,2.38,109.4,0,0
COP11 Averages,,101.63,0.026,A+,7.71,7,69.35,63.4,9.71,8.9,22.66,20.7,0,0
,,,,,,,,,,,,,,
COP12,https://web.archive.org/web/20061105123100if_/nairobi2006.go.ke/,107.53,0.028,A+,17.15,15.9,0.92,0.9,33.01,30.7,63.4,59,0,0
COP12,https://web.archive.org/web/20061105123100if_/nairobi2006.go.ke/about_nairobi2006.php,151.43,0.039,A+,67.84,44.8,0.92,0.6,33.01,21.8,60.69,40.1,0,0
COP12,https://web.archive.org/web/20061105123100if_/nairobi2006.go.ke/conference_sec.php,102.98,0.027,A+,14.89,14.5,0.92,0.9,33.01,32.1,60.69,58.9,0,0
COP12,https://web.archive.org/web/20061105123100if_/nairobi2006.go.ke/background_policy.php,100.4,0.026,A+,12.07,12,0.92,0.9,33.01,32.9,60.69,60.4,0,0
COP12,https://web.archive.org/web/20061105123100if_/nairobi2006.go.ke/background_policy.php,100.4,0.026,A+,12.07,12,0.92,0.9,33.01,32.9,60.69,60.4,0,0
COP12,https://web.archive.org/web/20061105123100if_/nairobi2006.go.ke/host.php,100.38,0.026,A+,12.05,12,0.92,0.9,33.01,32.9,60.69,60.5,0,0
COP12,https://web.archive.org/web/20061105123100if_/nairobi2006.go.ke/venue.php,103.57,0.027,A+,15.53,15,0.92,0.9,33.01,31.9,60.69,58.6,0,0
COP12,https://web.archive.org/web/20061105123100if_/nairobi2006.go.ke/registration.php,102.37,0.026,A+,14.23,13.9,0.92,0.9,33.01,32.2,60.69,59.3,0,0
COP12,https://web.archive.org/web/20061105123100if_/nairobi2006.go.ke/credentials.php,103.62,0.027,A+,15.59,15,0.92,0.9,33.01,31.9,60.69,58.6,0,0
COP12,https://web.archive.org/web/20061105123100if_/nairobi2006.go.ke/delegation.php,100.39,0.026,A+,12.06,12,0.92,0.9,33.01,32.9,60.69,60.5,0,0
COP12 Averages,,107.31,0.028,A+,19.35,16.9,0.92,0.8,33.01,28.9,60.96,53.4,0,0
,,,,,,,,,,,,,,
COP13,https://web.archive.org/web/20071224045128if_/climate.web.id/welcome,53.29,0.014,A+,11.13,20.9,0,0,18.07,33.9,26.8,50.3,0,0
COP13,https://web.archive.org/web/20071224045128if_/climate.web.id/welcome,53.29,0.014,A+,11.13,20.9,0,0,18.07,33.9,26.8,50.3,0,0
COP13,https://web.archive.org/web/20071224045128if_/climate.web.id/cat/kontak_kami,53.08,0.014,A+,10.9,20.5,0,0,18.07,34,26.8,50.5,0,0
COP13,https://web.archive.org/web/20071224045128if_/climate.web.id/cat/faq,52.1,0.013,A+,9.83,18.9,0,0,18.07,34.7,26.8,51.4,0,0
COP13,https://web.archive.org/web/20071224045128if_/climate.web.id/cat/link,52.96,0.014,A+,10.77,20.3,0,0,18.07,34.1,26.8,50.6,0,0
COP13,https://web.archive.org/web/20071224045128if_/climate.web.id/cat/sekretariat,52.26,0.013,A+,10.01,19.2,0,0,18.07,34.6,26.8,51.3,0,0
COP13,https://web.archive.org/web/20071224045128if_/climate.web.id/cat/berita/article.php?article_id=178,52.35,0.013,A+,10.1,19.3,0,0,18.07,34.5,26.8,51.2,0,0
COP13,https://web.archive.org/web/20071224045128if_/climate.web.id/cat/berita/article.php?article_id=179,63.16,0.016,A+,21.92,34.7,0,0,18.07,28.6,26.8,42.4,0,0
COP13,https://web.archive.org/web/20071224045128if_/climate.web.id/cat/berita/article.php?article_id=168,56.6,0.015,A+,14.75,26.1,0,0,18.07,31.9,26.8,47.3,0,0
COP13,https://web.archive.org/web/20071224045128if_/climate.web.id/cat/acara/penunjang/article.php?article_id=172,58.34,0.015,A+,16.65,28.5,0,0,18.07,31,26.8,45.9,0,0
COP13 Averages,,54.74,0.014,A+,12.72,22.1,0,0,18.07,31.4,26.8,46.5,0,0
,,,,,,,,,,,,,,
COP14,https://web.archive.org/web/20081202104529if_/cop14.gov.pl/,83.48,0.022,A+,18.57,22.2,15.3,18.3,0,0,12.12,14.5,43.67,52.3
COP14,https://web.archive.org/web/20081202104529if_/cop14.gov.pl/index.php?mode=aktualnosci_extended&action=main&menu=1&lang=PL,82.86,0.021,A+,18.89,22.8,15.3,18.5,0,0,11.13,13.4,43.67,52.7
COP14,https://web.archive.org/web/20081202104529if_/cop14.gov.pl/index.php?mode=artykuly&action=main&id=8&menu=6&lang=PL,80.5,0.021,A+,16.36,20.3,15.3,19,0,0,11.08,13.8,43.67,54.2
COP14,https://web.archive.org/web/20081202104529if_/cop14.gov.pl/index.php?mode=artykuly&action=main&id=5&menu=2&lang=PL,82.15,0.021,A+,18.01,21.9,15.3,18.6,0,0,11.23,13.7,43.67,53.2
COP14,https://web.archive.org/web/20081202104529if_/cop14.gov.pl/index.php?mode=artykuly&action=main&id=50&menu=50&lang=PL,79.85,0.021,A+,16.4,20.5,15.3,19.2,0,0,10.33,12.9,43.68,54.7
COP14,https://web.archive.org/web/20081202104529if_/cop14.gov.pl/index.php?mode=artykuly&action=main&id=28&menu=7&lang=PL,80.01,0.021,A+,16.63,20.8,15.3,19.1,0,0,10.27,12.8,43.67,54.6
COP14,https://web.archive.org/web/20081202104529if_/cop14.gov.pl/index.php?mode=artykuly&action=main&id=9&menu=8&lang=PL,104.57,0.027,A+,14.37,13.7,15.3,14.6,0,0,39.38,37.7,43.67,41.8
COP14,https://web.archive.org/web/20081202104529if_/cop14.gov.pl/index.php?mode=artykuly&action=main&id=9&menu=8&lang=PL,104.57,0.027,A+,14.37,13.7,15.3,14.6,0,0,39.38,37.7,43.67,41.8
COP14,https://web.archive.org/web/20081202104529if_/cop14.gov.pl/index.php?mode=artykuly&action=main&id=37&menu=39&lang=PL,82.93,0.021,A+,19.62,23.7,15.3,18.4,0,0,10.43,12.6,43.72,52.7
COP14,https://web.archive.org/web/20081202104529if_/cop14.gov.pl/index.php?mode=artykuly&action=main&id=15&menu=14&lang=PL,86.5,0.022,A+,23.18,26.8,15.3,17.7,0,0,10.77,12.5,43.72,50.5
COP14 Averages,,86.74,0.022,A+,17.64,18.9,15.3,16.4,0,0,16.61,17.8,43.68,46.9
,,,,,,,,,,,,,,
COP15,https://web.archive.org/web/20091209152318if_/en.cop15.dk/,469.02,0.121,A,34.01,7.3,67.27,14.3,23.73,5.1,359.62,76.7,24.93,5.3
COP15,https://web.archive.org/web/20091209152318if_/en.cop15.dk/about+cop15,162.16,0.042,A+,19.32,11.9,66.11,40.8,37.16,22.9,26.65,16.4,24.96,15.4
COP15,https://web.archive.org/web/20091209152318if_/en.cop15.dk/calendar,155.38,0.04,A+,27.22,17.5,66.54,42.8,23.73,15.3,24.37,15.7,24.94,16.1
COP15,https://web.archive.org/web/20091209152318if_/en.cop15.dk/calendar,156.06,0.04,A+,27.22,17.4,67.27,43.1,23.73,15.2,24.37,15.6,24.94,16
COP15,https://web.archive.org/web/20091209152318if_/en.cop15.dk/news,159.12,0.041,A+,26.55,16.7,70.51,44.3,24.52,15.4,24.37,15.3,24.92,15.7
COP15,https://web.archive.org/web/20091209152318if_/en.cop15.dk/climate+consortium,408.92,0.105,A,73.12,17.9,65.61,16,63.66,15.6,160.64,39.3,80.85,19.8
COP15,https://web.archive.org/web/20091209152318if_/en.cop15.dk/denmark's+efforts,412.2,0.106,A,76.71,18.6,65.61,15.9,63.66,15.4,160.64,39,80.85,19.6
COP15,https://web.archive.org/web/20091209152318if_/en.cop15.dk/climate+facts,408.92,0.105,A,73.12,17.9,65.61,16,63.66,15.6,160.64,39.3,80.85,19.8
COP15,https://web.archive.org/web/20091209152318if_/en.cop15.dk/blogs,158.17,0.041,A+,25.56,16.2,70.51,44.6,24.52,15.5,24.32,15.4,24.91,15.7
COP15,https://web.archive.org/web/20091209152318if_/en.cop15.dk/frontpage/contact,156.2,0.04,A+,28.01,17.9,67.26,43.1,23.73,15.2,23.75,15.2,24.94,16
COP15 Averages,,264.62,0.068,A+,41.08,14.4,67.23,23.5,37.21,13,98.94,34.6,41.71,14.6
,,,,,,,,,,,,,,
,,,,,,,,,,,,,,
COP17,https://web.archive.org/web/20111128174848if_/cop17-cmp7durban.com/,20740.98,5.347,F,121.8,0.6,523.36,2.5,394.54,1.9,1074.79,5.2,20535.25,99
COP17,https://web.archive.org/web/20111128174848if_/cop17-cmp7durban.com/en/about-cop17-cmp7/what-is-cop17-cmp7.html,931.88,0.24,B,38.38,4.1,87.78,9.4,450.69,48.4,168.14,18,270.44,29
COP17,https://web.archive.org/web/20111128174848if_/cop17-cmp7durban.com/en/about-cop17-cmp7/un-convention-on-climate-change-unfccc.html,14586.32,3.76,F,43.5,0.3,167.8,1.2,409.42,2.8,158.91,1.1,15158.67,103.9
COP17,https://web.archive.org/web/20111128174848if_/cop17-cmp7durban.com/en/about-cop17-cmp7/who-can-participate.html,403.67,0.104,A,37.17,9.2,40.96,10.1,135.57,33.6,166.64,41.3,57.8,14.3
COP17,https://web.archive.org/web/20111128174848if_/cop17-cmp7durban.com/en/about-cop17-cmp7/greening-cop17-cmp7.html,14652.58,3.777,F,110.53,0.8,165.54,1.1,406.89,2.8,169.1,1.2,15158.67,103.5
COP17,https://web.archive.org/web/20111128174848if_/cop17-cmp7durban.com/en/logistics/welcome-to-cop17-cmp7.html,422.48,0.109,A,41.5,9.8,41.26,9.8,135.57,32.1,182.58,43.2,57.79,13.7
COP17,https://web.archive.org/web/20111128174848if_/cop17-cmp7durban.com/en/logistics/icc-360-degree-view.html,14.39,0.004,A+,2.49,17.3,0,0,10.99,76.4,0,0,0,0
COP17,https://web.archive.org/web/20111128174848if_/cop17-cmp7durban.com/en/logistics/dress-code.html,404.52,0.104,A,38.1,9.4,40.98,10.1,135.56,33.5,166.64,41.2,57.79,14.3
COP17,https://web.archive.org/web/20111128174848if_/cop17-cmp7durban.com/en/logistics/green-tours.html,14759.85,3.805,F,52.38,0.4,167.61,1.1,409.4,2.8,339.89,2.3,15158.67,102.7
COP17 Averages,,7435.18,1.917,C,53.98,0.7,137.25,1.7,276.51,3.4,269.63,3.3,7383.9,90.9
,,,,,,,,,,,,,,
COP18,https://web.archive.org/web/20121127234132if_/cop18.qa/,2738.01,0.706,E,82.5,3,438.06,16,849.4,31,1450.7,53,168.67,6.2
COP18,https://web.archive.org/web/20121127234132if_/cop18.qa/en-us/aboutcop18cmp8/whatisclimatechange.aspx,1946.3,0.502,D,57.6,3,218.89,11.2,784.84,40.3,1023.5,52.6,39.25,2
COP18,https://web.archive.org/web/20121127234132if_/cop18.qa/en-us/aboutcop18cmp8/unfccc.aspx,1913.68,0.493,D,64.84,3.4,481.22,25.1,1104.2,57.7,359.24,18.8,78.93,4.1
COP18,https://web.archive.org/web/20121127234132if_/cop18.qa/en-us/aboutcop18cmp8/cop18cmp8.aspx,1638.9,0.422,C,62.51,3.8,219.15,13.4,786.02,48,681.2,41.6,39.24,2.4
COP18,https://web.archive.org/web/20121127234132if_/cop18.qa/en-us/aboutcop18cmp8/participants.aspx,1757.14,0.453,C,59.14,3.4,218.88,12.5,784.84,44.7,815.24,46.4,39.24,2.2
COP18,https://web.archive.org/web/20121127234132if_/cop18.qa/en-us/aboutcop18cmp8/sustainability.aspx,1886.11,0.486,C,68.49,3.6,481.23,25.5,1090.11,57.8,341.01,18.1,77.46,4.1
COP18,https://web.archive.org/web/20121127234132if_/cop18.qa/en-us/aboutcop18cmp8/volunteerprogramme.aspx,2091.82,0.539,D,76.64,3.7,493.03,23.6,1110.8,53.1,525.18,25.1,77.46,3.7
COP18,https://web.archive.org/web/20121127234132if_/cop18.qa/en-us/aboutcop18cmp8/partners.aspx,1547.65,0.399,C,51.76,3.3,218.88,14.1,784.84,50.7,593.67,38.4,39.24,2.5
COP18,https://web.archive.org/web/20121127234132if_/cop18.qa/en-us/participantinfo/evisa.aspx,1948.43,0.502,D,69.14,3.5,493.03,25.3,1121.59,57.6,365.18,18.7,77.46,4
COP18,https://web.archive.org/web/20121127234132if_/cop18.qa/en-us/participantinfo/bookyourflight.aspx,1921.01,0.495,D,65.22,3.4,487.98,25.4,1125.08,58.6,340.95,17.7,77.21,4
COP18 Averages,,1938.9,0.499,D,65.78,3.1,375.03,17.7,954.17,45.1,649.59,30.7,71.42,3.4
,,,,,,,,,,,,,,
COP19,https://web.archive.org/web/20131123041818if_/cop19.gov.pl/,2248.95,0.58,D,84.18,3.7,97.24,4.3,399.88,17.8,1782.47,79.3,40.65,1.8
COP19,https://web.archive.org/web/20131123041818if_/cop19.gov.pl/the-president-of-cop19-cmp9,572.68,0.148,A,80.19,14,52.06,9.1,287.76,50.2,111.77,19.5,40.66,7.1
COP19,https://web.archive.org/web/20131123041818if_/cop19.gov.pl/the-president-of-cop19-cmp9,572.68,0.148,A,80.19,14,52.06,9.1,287.76,50.2,111.77,19.5,40.66,7.1
COP19,https://web.archive.org/web/20131123041818if_/cop19.gov.pl/polish-presidency-of-cop19-cmp9,536.44,0.138,A,79.38,14.8,52.04,9.7,287.71,53.6,73.1,13.6,40.59,7.6
COP19,https://web.archive.org/web/20131123041818if_/cop19.gov.pl/about-climate-change,559.11,0.144,A,85.34,15.3,52.05,9.3,287.71,51.5,73.1,13.1,40.65,7.3
COP19,https://web.archive.org/web/20131123041818if_/cop19.gov.pl/unfccc,539.08,0.139,A,82.2,15.2,52.05,9.7,287.71,53.4,73.1,13.6,40.65,7.5
COP19,https://web.archive.org/web/20131123041818if_/cop19.gov.pl/about-cop14,760.42,0.196,B,83.41,11,52.04,6.8,287.71,37.8,313.85,41.3,40.6,5.3
COP19,https://web.archive.org/web/20131123041818if_/cop19.gov.pl/poland-a-success-story-of-effective-decoupling,534.61,0.138,A,77.15,14.4,52.04,9.7,287.71,53.8,73.33,13.7,40.6,7.6
COP19,https://web.archive.org/web/20131123041818if_/cop19.gov.pl/the-ministry-of-the-environment-of-the-republic-of-poland,566.88,0.146,A,93.62,16.5,52.05,9.2,287.71,50.8,73.33,12.9,40.65,7.2
COP19,https://web.archive.org/web/20131123041818if_/cop19.gov.pl/emas-en,556.12,0.143,A,77.28,13.9,52.04,9.4,287.71,51.7,96.71,17.4,40.59,7.3
COP19 Averages,,744.7,0.192,A,82.29,10.9,56.57,7.5,298.94,39.5,278.25,36.8,40.63,5.4
,,,,,,,,,,,,,,
COP20,https://web.archive.org/web/20141201124431if_/cop20.pe/acerca-de-la-cop-20/,1311.26,0.338,B,61.84,4.7,141.95,10.8,254.35,19.4,837.42,63.9,26.35,2
COP20,https://web.archive.org/web/20141201124431if_/cop20.pe/acerca-de-la-cop-20/mensaje-de-la-presidencia/,914.8,0.236,B,63.87,7,141.94,15.5,254.35,27.8,402.1,44,26.35,2.9
COP20,https://web.archive.org/web/20141201124431if_/cop20.pe/acerca-de-la-cop-20/cop20/,1225.43,0.316,B,75.07,6.1,316.9,25.9,254.35,20.8,355.22,29,226.56,18.5
COP20,https://web.archive.org/web/20141201124431if_/cop20.pe/acerca-de-la-cop-20/equipo-cop20-cmp10-2/,860.62,0.222,B,58.98,6.9,141.94,16.5,254.35,29.6,347.78,40.4,26.36,3.1
COP20,https://web.archive.org/web/20141201124431if_/cop20.pe/acerca-de-la-cop-20/eventos-hacia-la-cop20/,930.74,0.24,B,53.47,5.7,141.95,15.3,254.35,27.3,429.92,46.2,26.35,2.8
COP20,https://web.archive.org/web/20141201124431if_/cop20.pe/acerca-de-la-cop-20/bloques-de-negociacion/,1194.12,0.308,B,58.95,4.9,141.95,11.9,254.35,21.3,712.3,59.7,26.35,2.2
COP20,https://web.archive.org/web/20141201124431if_/cop20.pe/informacion-para-participantes/espacios-en-el-recinto-cop20/,850.02,0.219,B,56.73,6.7,141.94,16.7,254.35,29.9,338.45,39.8,26.35,3.1
COP20,https://web.archive.org/web/20141201124431if_/cop20.pe/informacion-para-participantes/,846.27,0.218,B,58.24,6.9,141.95,16.8,254.35,30.1,332.83,39.3,26.35,3.1
COP20 Averages,,1016.66,0.262,B,60.89,6.1,163.82,16.4,254.35,25.4,469.5,47,51.38,5.1
,,,,,,,,,,,,,,
COP21,https://web.archive.org/web/20151210193304if_/cop21.gouv.fr/,6132.67,1.581,F,77.24,1.3,1510.1,24.6,1979.67,32.3,2811.32,45.8,98.95,1.6
COP21,https://web.archive.org/web/20151210193304if_/cop21.gouv.fr/comprendre/,4070.87,1.049,F,59.59,1.5,1509.44,37.1,1916.75,47.1,712.76,17.5,98.94,2.4
COP21,https://web.archive.org/web/20151210193304if_/cop21.gouv.fr/agir/,4001.75,1.032,F,58.86,1.5,1509.44,37.7,1916.75,47.9,637.96,15.9,98.94,2.5
COP21,https://web.archive.org/web/20151210193304if_/cop21.gouv.fr/suivre/,3820.1,0.985,F,91.8,2.4,1509.42,39.5,1917.84,50.2,405.41,10.6,98.95,2.6
COP21,https://web.archive.org/web/20151210193304if_/cop21.gouv.fr/venir/,3615.38,0.932,F,56.39,1.6,1509.44,41.8,1913.05,52.9,221.86,6.1,98.95,2.7
COP21,https://web.archive.org/web/20151210193304if_/cop21.gouv.fr/comprendre/cest-quoi-la-cop21/,5080.09,1.31,F,101.16,2.0,1790.76,35.3,1914.7,37.7,93.34,1.8,1535.04,30.2
COP21,https://web.archive.org/web/20151210193304if_/cop21.gouv.fr/comment-se-passent-les-negociations-durant-la-cop21/,4702.16,1.212,F,62.2,1.3,1816.07,38.6,2715.93,57.8,292.77,6.2,98.95,2.1
COP21,https://web.archive.org/web/20151210193304if_/cop21.gouv.fr/leconomie-circulaire-et-linnovation-au-coeur-du-dispositif-de-la-cop21/,4807.63,1.239,F,70.71,1.5,1817.4,37.8,2715.93,56.5,449.23,9.3,98.95,2.1
COP21,https://web.archive.org/web/20151210193304if_/cop21.gouv.fr/adp-la-fin-de-quatre-ans-de-travaux-de-durban-a-paris/,7.39,0.002,A+,0.0,0.0,0.0,0.0,6.62,89.5,0.0,0.0,0.0,0.0
COP21,https://web.archive.org/web/20151210193304if_/cop21.gouv.fr/quest-ce-que-les-gaz-a-effet-de-serre/,3492.34,0.9,F,56.71,1.6,1510.1,43.2,1916.76,54.9,132.23,3.8,98.95,2.8
COP21 Averages,,3973.04,1.024,E,63.47,1.5,1448.22,34.4,1891.4,44.9,575.69,13.7,232.66,5.5
,,,,,,,,,,,,,,
COP22,https://web.archive.org/web/20161116144643if_/cop22-morocco.com/,8374.08,2.159,F,262.42,3.1,518.52,6.2,514.86,6.1,970.46,11.6,6850.83,81.8
COP22,https://web.archive.org/web/20161116144643if_/cop22-morocco.com/register.php,717.94,0.185,A,79.33,11.0,0.0,0.0,132.83,18.5,111.15,15.5,459.07,63.9
COP22,https://web.archive.org/web/20161116144643if_/cop22-morocco.com/agenda/,2589.29,0.667,E,224.18,8.7,266.37,10.3,514.86,19.9,913.89,35.3,907.5,35.0
COP22,https://web.archive.org/web/20161116144643if_/cop22-morocco.com/forum/,2686.24,0.692,E,228.12,8.5,269.06,10.0,514.86,19.2,1013.22,37.7,907.5,33.8
COP22,https://web.archive.org/web/20161116144643if_/cop22-morocco.com/faq/index.php,3579.19,0.923,F,194.82,5.4,562.9,15.7,1328.8,37.1,914.63,25.6,907.5,25.4
COP22,https://web.archive.org/web/20161116144643if_/cop22-morocco.com/agenda/quiz.php,2803.92,0.723,E,196.27,7.0,255.59,9.1,514.89,18.4,1186.81,42.3,907.81,32.4
COP22,https://web.archive.org/web/20161116144643if_/cop22-morocco.com/cop22-participation.php,890.03,0.229,B,99.77,11.2,13.75,1.5,323.89,36.4,159.35,17.9,372.92,41.9
COP22,https://web.archive.org/web/20161116144643if_/cop22-morocco.com/cop22-entreprise.php,1916.09,0.494,D,99.9,5.2,321.05,16.8,1137.84,59.4,159.35,8.3,372.92,19.5
COP22 Averages,,2944.6,0.759,D,173.1,5.4,275.9,8.6,622.85,19.4,678.61,21.1,1460.76,45.5
,,,,,,,,,,,,,,
,,,,,,,,,,,,,,
COP24,https://web.archive.org/web/20181202112300if_/cop24.gov.pl/,3017.73,0.778,E,180.47,6.0,393.13,13.0,484.73,16.1,1579.83,52.4,653.57,21.7
COP24,https://web.archive.org/web/20181202112300if_/cop24.gov.pl/news/,1710.4,0.441,C,37.78,2.2,376.19,22.0,529.03,30.9,519.45,30.4,400.5,23.4
COP24,https://web.archive.org/web/20181202112300if_/cop24.gov.pl/presidency/,1351.29,0.348,C,27.22,2.0,372.45,27.6,0.0,0.0,158.94,11.8,916.65,67.8
COP24,https://web.archive.org/web/20181202112300if_/cop24.gov.pl/conference/,1362.16,0.351,C,24.75,1.8,372.44,27.3,529.03,38.8,158.94,11.7,400.5,29.4
COP24,https://web.archive.org/web/20181202112300if_/cop24.gov.pl/volunteering/,1361.43,0.351,C,23.97,1.8,372.43,27.4,529.03,38.9,158.94,11.7,400.5,29.4
COP24,https://web.archive.org/web/20181202112300if_/cop24.gov.pl/media/,1680.23,0.433,C,26.32,1.6,372.18,22.2,281.41,16.7,514.38,30.6,639.0,38.0
COP24,https://web.archive.org/web/20181202112300if_/cop24.gov.pl/partners/,1297.19,0.334,B,23.84,1.8,314.89,24.3,528.75,40.8,502.64,38.7,44.53,3.4
COP24,https://web.archive.org/web/20181202112300if_/cop24.gov.pl/fileadmin/index.html,1120.44,0.289,B,6.72,0.6,125.14,11.2,0.0,0.0,938.02,83.7,96.18,8.6
COP24,https://web.archive.org/web/20181202112300if_/cop24.gov.pl/contact/,1049.37,0.271,B,24.59,2.3,134.15,12.8,666.95,63.6,274.06,26.1,44.07,4.2
COP24,https://web.archive.org/web/20181202112300if_/cop24.gov.pl/contact/,1049.37,0.271,B,24.59,2.3,134.15,12.8,666.95,63.6,274.06,26.1,44.07,4.2
COP24 Averages,,1499.96,0.387,C,40.02,2.5,296.72,18.2,421.59,25.9,507.93,31.2,363.96,22.3
,,,,,,,,,,,,,,
COP25,https://web.archive.org/web/20191206011858if_/cop25.cl/#/,14385.46,3.708,F,3.15,0.0,150.55,1.0,2941.71,20.4,12541.3,87.2,16.84,0.1
COP25,https://web.archive.org/web/20191206011858if_/cop25.cl/#/zona-azul-y-pabellon-chile,4773.39,1.231,F,3.15,0.1,150.55,3.2,2941.71,61.6,2053.15,43.0,0.0,0.0
COP25,https://web.archive.org/web/20191206011858if_/cop25.cl/#/transportes-y-alojamiento,15883.37,4.094,F,3.15,0.0,150.55,0.9,2941.71,18.5,14195.2,89.4,0.0,0.0
COP25,https://web.archive.org/web/20191206011858if_/cop25.cl/#/equipo-y-presidencia,19514.52,5.031,F,3.15,0.0,150.55,0.8,2941.71,15.1,18163.66,93.1,0.0,0.0
COP25,https://web.archive.org/web/20191206011858if_/cop25.cl/#/agenda-ciudadana,3731.16,0.962,F,3.15,0.1,150.55,4.0,2941.71,78.8,914.09,24.5,0.0,0.0
COP25,https://web.archive.org/web/20191206011858if_/cop25.cl/#/zona-verde,4059.75,1.047,F,3.15,0.1,150.55,3.7,2941.71,72.5,1273.21,31.4,0.0,0.0
COP25,https://web.archive.org/web/20191206011858if_/cop25.cl/#/noticias,3731.16,0.962,F,3.15,0.1,150.55,4.0,2941.71,78.8,914.09,24.5,0.0,0.0
COP25,https://web.archive.org/web/20191206011858if_/cop25.cl/#/equipo-y-presidencia,19514.52,5.031,F,3.15,0.0,150.55,0.8,2941.71,15.1,18163.66,93.1,0.0,0.0
COP25,https://web.archive.org/web/20191206011858if_/cop25.cl/#/venue,3931.28,1.013,F,3.15,0.1,150.55,3.8,2941.71,74.8,1132.8,28.8,0.0,0.0
COP25,https://web.archive.org/web/20191206011858if_/cop25.cl/#/ambicion-climatica,4309.64,1.111,F,3.15,0.1,150.55,3.5,2941.71,68.3,1546.31,35.9,0.0,0.0
COP25 Averages,,9383.42,2.419,F,3.15,0.0,150.55,1.5,2941.71,28.9,7089.75,69.6,1.68,0.0
,,,,,,,,,,,,,,
COP26,https://web.archive.org/web/20201031095434if_/ukcop26.org/,4697.87,1.211,F,58.79,1.3,616.46,13.1,843.84,18.0,3201.83,68.2,0.0,0.0
COP26,https://web.archive.org/web/20201031095434if_/ukcop26.org/uk-presidency,4042.85,1.042,F,38.65,1.0,470.09,11.6,245.04,6.1,3257.66,80.6,0.0,0.0
COP26,https://web.archive.org/web/20201031095434if_/ukcop26.org/uk-presidency/friends-of-cop/,3966.72,1.023,F,55.28,1.4,450.61,11.4,237.21,6.0,3242.04,81.7,0.0,0.0
COP26,https://web.archive.org/web/20201031095434if_/ukcop26.org/uk-presidency/partnerships-and-support/,4262.4,1.099,F,79.45,1.9,461.05,10.8,250.87,5.9,3383.24,79.4,0.0,0.0
COP26,https://web.archive.org/web/20201031095434if_/ukcop26.org/uk-presidency/what-is-a-cop/,4504.49,1.161,F,63.69,1.4,588.24,13.1,248.35,5.5,3609.31,80.1,371.91,8.3
COP26,https://web.archive.org/web/20201031095434if_/ukcop26.org/uk-presidency/the-road-to-cop26/,4446.25,1.146,F,62.13,1.4,588.23,13.2,248.34,5.6,3564.95,80.2,371.91,8.4
COP26,https://web.archive.org/web/20201031095434if_/ukcop26.org/uk-presidency/uk-climate-leadership/,6694.85,1.726,F,116.59,1.7,947.3,14.1,248.35,3.7,3574.16,53.4,2354.34,35.2
COP26,https://web.archive.org/web/20201031095434if_/ukcop26.org/uk-presidency/our-team/,7122.4,1.836,F,93.45,1.3,599.88,8.4,248.28,3.5,6437.1,90.4,371.91,5.2
COP26,https://web.archive.org/web/20201031095434if_/ukcop26.org/uk-presidency/campaigns/,4128.53,1.064,F,50.34,1.2,470.09,11.4,245.04,5.9,3339.61,80.9,0.0,0.0
COP26,https://web.archive.org/web/20201031095434if_/ukcop26.org/uk-presidency/climate-development-ministerial/,5406.72,1.394,F,71.68,1.3,581.83,10.8,589.31,10.9,3681.19,68.1,665.45,12.3
COP26 Averages,,4927.31,1.27,F,69.01,1.3,577.38,11.3,340.46,6.6,3729.11,72.7,413.55,8.1
,,,,,,,,,,,,,,
COP27,https://web.archive.org/web/20221106043724if_/cop27.eg/#/,1502.83,0.387,C,4.38,0.3,147.96,9.8,1326.21,88.2,0.0,0.0,160.86,10.7
COP27,https://web.archive.org/web/20230129001809if_/cop27.eg/#/presidency#introduction,3620.36,0.933,F,4.4,0.1,148.96,4.1,1804.03,49.8,1809.28,50.0,187.0,5.2
COP27,https://web.archive.org/web/20230129001809if_/cop27.eg/#/speeches/president-speech,3267.23,0.842,E,4.4,0.1,148.96,4.6,1352.02,41.4,1875.35,57.4,186.99,5.7
COP27,https://web.archive.org/web/20230129001809if_/cop27.eg/#/presidency#about,3471.91,0.895,F,4.4,0.1,148.96,4.3,1911.61,55.1,1539.45,44.3,186.99,5.4
COP27,https://web.archive.org/web/20230129001809if_/cop27.eg/#/presidency#programe,3471.94,0.895,F,4.4,0.1,148.96,4.3,1911.65,55.1,1539.45,44.3,186.99,5.4
COP27,https://web.archive.org/web/20230129001809if_/cop27.eg/#/presidency/logo-rationale,2944.48,0.759,E,4.4,0.1,148.96,5.1,1800.94,61.2,1073.7,36.5,186.99,6.4
COP27,https://web.archive.org/web/20230129001809if_/cop27.eg/#/presidency/information,5635.48,1.453,F,4.4,0.1,148.96,2.6,1804.03,32.0,4011.6,71.2,186.99,3.3
COP27,https://web.archive.org/web/20230129001809if_/cop27.eg/#/presidency/events,5709.3,1.472,F,4.4,0.1,148.96,2.6,1804.03,31.6,4279.27,75.0,0.0,0.0
COP27,https://web.archive.org/web/20230129001809if_/cop27.eg/#/presidency/eventsThematic,5709.3,1.472,F,4.4,0.1,148.96,2.6,1804.03,31.6,4279.27,75.0,0.0,0.0
COP27 Averages,,3925.87,1.012,E,4.4,0.1,148.85,3.5,1724.28,40.2,2267.49,52.9,142.53,3.3
,,,,,,,,,,,,,,
COP28,https://web.archive.org/web/20231130020512if_/cop28.com/,6290.68,1.622,F,179.09,2.8,159.28,2.5,2501.09,39.8,2528.53,40.2,752.11,12.0
COP28,https://web.archive.org/web/20231130020512if_/cop28.com/en/about-cop28,19464.75,5.018,F,252.66,1.3,575.6,3.0,3153.08,16.2,977.2,5.0,15530.63,79.8
COP28,https://web.archive.org/web/20231130020512if_/cop28.com/en/cop28-presidency,5139.54,1.325,F,166.98,3.2,159.26,3.1,2494.03,48.5,1290.9,25.1,752.2,14.6
COP28,https://web.archive.org/web/20231130020512if_/cop28.com/en/advisory-committee,5710.66,1.472,F,203.63,3.6,196.56,3.4,3150.25,55.2,1076.14,18.8,860.95,15.1
COP28,https://web.archive.org/web/20231130020512if_/cop28.com/en/joint-statement,4489.73,1.157,F,136.09,3.0,159.49,3.6,2497.23,55.6,596.79,13.3,763.6,17.0
COP28,https://web.archive.org/web/20231130020512if_/cop28.com/en/authorization-letter,5814.44,1.499,F,171.13,2.9,196.56,3.4,3150.25,54.2,1222.14,21.0,860.87,14.8
COP28,https://web.archive.org/web/20231130020512if_/cop28.com/en/cop28-faqs,4504.55,1.161,F,198.97,4.4,159.47,3.5,2501.38,55.5,554.2,12.3,755.38,16.8
COP28,https://web.archive.org/web/20231130020512if_/cop28.com/en/accessibility,5236.89,1.35,F,215.42,4.1,196.56,3.8,3150.25,60.2,546.65,10.4,860.87,16.4
COP28,https://web.archive.org/web/20231130020512if_/cop28.com/en/schedule,4800.74,1.238,F,458.4,9.5,159.26,3.3,2494.03,52.0,548.5,11.4,831.89,17.3
COP28,https://web.archive.org/web/20231130020512if_/cop28.com/en/food-and-beverage,4637.91,1.196,F,176.3,3.8,159.47,3.4,2497.22,53.8,650.26,14.0,831.89,17.9
COP28 Averages,,6608.99,1.704,F,215.87,3.3,212.15,3.3,2758.88,42.7,999.13,15.5,2280.04,35.3
,,,,,,,,,,,,,,
COP29,https://web.archive.org/web/20241111035138if_/cop29.az/en/home,11238.66,2.897,F,168.99,1.5,131.41,1.2,2252.6,20.0,9043.32,80.5,567.21,5.0
COP29,https://web.archive.org/web/20241111035138if_/cop29.az/en/presidency/cop29-presidency-team,4722.74,1.217,F,156.03,3.3,131.41,2.8,2203.3,46.7,1984.35,42.0,567.21,12.0
COP29,https://web.archive.org/web/20241111035138if_/cop29.az/en/presidency/organising-committee,3391.96,0.874,F,177.63,5.2,131.41,3.9,2213.42,65.3,498.23,14.7,567.21,16.7
COP29,https://web.archive.org/web/20241111035138if_/cop29.az/en/presidency/framework-for-action,4403.5,1.135,F,147.17,3.3,131.41,3.0,2206.0,50.1,1641.63,37.3,567.21,12.9
COP29,https://web.archive.org/web/20241111035138if_/cop29.az/en/pages/cop-29-presidential-action-agenda-global-initiatives,4061.05,1.047,F,223.09,5.5,438.72,10.8,3035.55,74.7,17.31,0.4,567.21,14.0
COP29,https://web.archive.org/web/20241111035138if_/cop29.az/en/pages/letters-to-parties-and-constituencies,2874.18,0.741,E,150.44,5.2,130.62,4.5,1878.46,65.4,297.86,10.4,564.65,19.6
COP29,https://web.archive.org/web/20241111035138if_/cop29.az/en/presidency/cop-presidencies-troika,2980.72,0.768,E,151.8,5.1,131.41,4.4,2216.93,74.4,71.11,2.4,567.21,19.0
COP29 Averages,,4810.4,1.24,F,167.88,3.3,175.2,3.4,2286.61,44.5,1936.26,37.7,566.84,11.0
